{
  "weights": [
    61.043581102768776,
    -0.0019125175645788488,
    0.003805607534926797,
    -0.10330837030927531,
    5.164837942187829,
    0,
    1.8317447945717884,
    3.3820637215042813,
    0.06750163313253778,
    0.027203278633298106
  ],
  "featureNames": [
    "wordCount",
    "uniqueWords",
    "sentenceCount",
    "clarityScore",
    "paceScore",
    "toneScore",
    "confidenceScore",
    "fillerWordCount",
    "estimatedWPM"
  ],
  "normParams": {
    "mean": {
      "wordCount": 108.3225,
      "uniqueWords": 73.785,
      "sentenceCount": 6.3925,
      "clarityScore": 69.8025,
      "paceScore": 50,
      "toneScore": 74.1725,
      "confidenceScore": 73.8475,
      "fillerWordCount": 3.58,
      "estimatedWPM": 112.82
    },
    "std": {
      "wordCount": 51.264836815794105,
      "uniqueWords": 41.42316712903542,
      "sentenceCount": 3.7694089390778482,
      "clarityScore": 15.657378252759946,
      "paceScore": 1,
      "toneScore": 14.148595115770329,
      "confidenceScore": 14.295252489900275,
      "fillerWordCount": 2.2778498633579853,
      "estimatedWPM": 45.29202578821129
    }
  }
}